{
    "Q": [
        0.10632447296058661,
        0.373134328358209,
        0.14848762603116408,
        0.48187633262260127
    ],
    "W": [
        0.16498625114573787,
        0.37100213219616207,
        0.20989917506874428,
        0.4840085287846482
    ],
    "E": [
        0.22456461961503207,
        0.3773987206823028,
        0.27131072410632445,
        0.4840085287846482
    ],
    "R": [
        0.2859761686526123,
        0.3752665245202559,
        0.3318056828597617,
        0.47761194029850745
    ],
    "T": [
        0.34555453712190654,
        0.3816631130063966,
        0.38955087076076994,
        0.47974413646055436
    ],
    "Y": [
        0.4060494958753437,
        0.3795309168443497,
        0.45004582951420713,
        0.48187633262260127
    ],
    "U": [
        0.4665444546287809,
        0.3795309168443497,
        0.5068744271310724,
        0.47761194029850745
    ],
    "I": [
        0.5233730522456462,
        0.3752665245202559,
        0.5692025664527957,
        0.47974413646055436
    ],
    "O": [
        0.5847846012832264,
        0.3752665245202559,
        0.6241979835013749,
        0.47761194029850745
    ],
    "P": [
        0.6443629697525206,
        0.3752665245202559,
        0.689275893675527,
        0.47121535181236673
    ],
    "A": [
        0.1228230980751604,
        0.5074626865671642,
        0.16315307057745188,
        0.6162046908315565
    ],
    "S": [
        0.17965169569202566,
        0.509594882729211,
        0.22456461961503207,
        0.6183368869936035
    ],
    "D": [
        0.24197983501374887,
        0.5159914712153518,
        0.2841429880843263,
        0.6162046908315565
    ],
    "F": [
        0.3015582034830431,
        0.5159914712153518,
        0.3446379468377635,
        0.6183368869936035
    ],
    "G": [
        0.3611365719523373,
        0.5159914712153518,
        0.4032997250229148,
        0.6162046908315565
    ],
    "H": [
        0.41979835013748856,
        0.5159914712153518,
        0.46471127406049495,
        0.6140724946695096
    ],
    "J": [
        0.48029330889092575,
        0.509594882729211,
        0.5224564619615032,
        0.6140724946695096
    ],
    "K": [
        0.538038496791934,
        0.509594882729211,
        0.5829514207149404,
        0.6204690831556503
    ],
    "L": [
        0.6012832263978002,
        0.509594882729211,
        0.6416131989000916,
        0.6140724946695096
    ],
    "Z": [
        0.153987167736022,
        0.6545842217484008,
        0.1924839596700275,
        0.7569296375266524
    ],
    "X": [
        0.21081576535288726,
        0.652452025586354,
        0.2520623281393217,
        0.7590618336886994
    ],
    "C": [
        0.27039413382218147,
        0.6567164179104478,
        0.31347387717690195,
        0.7611940298507462
    ],
    "V": [
        0.3327222731439047,
        0.650319829424307,
        0.37396883593033914,
        0.7611940298507462
    ],
    "B": [
        0.387717690192484,
        0.6481876332622601,
        0.43629697525206235,
        0.7569296375266524
    ],
    "N": [
        0.45279560036663613,
        0.6481876332622601,
        0.4912923923006416,
        0.7547974413646056
    ],
    "M": [
        0.5096241979835013,
        0.6481876332622601,
        0.5527039413382218,
        0.7611940298507462
    ],
    " ": [
        0.24106324472960586,
        0.7867803837953091,
        0.5957836846929423,
        0.906183368869936
    ],
    "Left Shift": [
        0.02016498625114574,
        0.6567164179104478,
        0.13382218148487626,
        0.7633262260127932
    ],
    "Right Shift": [
        0.7488542621448213,
        0.6439232409381663,
        0.84051329055912,
        0.7590618336886994
    ],
    "!": [
        0.07241063244729606,
        0.2345415778251599,
        0.11365719523373052,
        0.34328358208955223
    ],
    "(": [
        0.5508707607699358,
        0.2302771855010661,
        0.5957836846929423,
        0.3368869936034115
    ],
    ")": [
        0.613198900091659,
        0.232409381663113,
        0.6590284142988084,
        0.3390191897654584
    ]
}